Date,Symbol,Series,Prev Close,Open,High,Low,Last,Close,VWAP,Volume,Turnover,Trades,Deliverable Volume,%Deliverble
2020-08-31,RELIANCE,EQ,2116.15,2174.0,2174.0,2060.35,2070.0,2080.7,2118.64,28649141,6069721668885000.0,541760,7212259,0.25170000000000003
2020-09-01,RELIANCE,EQ,2080.7,2100.0,2122.4,2062.4,2092.0,2087.25,2091.83,17821488,3727952146450000.0,327904,4956555,0.2781
2020-09-02,RELIANCE,EQ,2087.25,2092.0,2138.0,2085.0,2128.55,2128.2,2119.29,12437209,2635805679285000.0,281041,3376204,0.2715
2020-09-03,RELIANCE,EQ,2128.2,2128.0,2138.75,2103.0,2114.0,2112.1,2112.86,8577741,1812358603030000.0,219117,3249170,0.3788
2020-09-04,RELIANCE,EQ,2112.1,2083.55,2096.95,2072.2,2080.0,2077.25,2084.73,13141705,2739693657055000.0,365456,5968727,0.45420000000000005
2020-09-07,RELIANCE,EQ,2077.25,2084.0,2105.75,2044.25,2099.6,2082.65,2071.8,10119099,2096470749900000.0,255801,2619452,0.2589
2020-09-08,RELIANCE,EQ,2082.65,2092.0,2121.0,2080.5,2103.1,2107.1,2108.01,12643762,2665323981640000.0,287150,2734033,0.2162
2020-09-09,RELIANCE,EQ,2107.1,2085.0,2167.8,2081.45,2163.55,2161.35,2136.84,25526055,5454504444100000.0,531323,5716097,0.22390000000000002
2020-09-10,RELIANCE,EQ,2161.35,2183.1,2344.95,2175.35,2319.0,2314.0,2275.51,64751766,1.4734336314235e+16,1233053,12172158,0.188
2020-09-11,RELIANCE,EQ,2314.0,2312.0,2337.85,2287.1,2315.0,2319.75,2318.58,27445883,6363541247745000.0,599768,6427971,0.23420000000000002
2020-09-14,RELIANCE,EQ,2319.75,2325.0,2360.0,2282.0,2296.25,2302.55,2323.57,20335480,4725094126735000.0,450188,3578138,0.17600000000000002
2020-09-15,RELIANCE,EQ,2302.55,2311.95,2325.75,2288.15,2324.0,2318.85,2311.23,12543161,2899011097815000.0,270331,2498608,0.19920000000000002
2020-09-16,RELIANCE,EQ,2318.85,2320.0,2369.35,2310.55,2324.9,2324.55,2339.46,15669133,3665737088794999.5,321651,3528875,0.2252
2020-09-17,RELIANCE,EQ,2324.55,2320.0,2333.7,2291.85,2296.0,2298.75,2310.29,11919991,2753857698355000.0,286325,3285052,0.2756
2020-09-18,RELIANCE,EQ,2298.75,2314.25,2319.45,2276.55,2303.6,2305.7,2305.1,15264101,3518525264585000.0,219641,6340779,0.4154
2020-09-21,RELIANCE,EQ,2305.7,2300.0,2336.0,2247.35,2250.0,2255.85,2291.38,15519433,3556097745515000.0,342489,5046850,0.32520000000000004
2020-09-22,RELIANCE,EQ,2255.85,2277.0,2277.0,2201.55,2220.05,2211.15,2225.36,16056621,3573170847855000.5,348897,6138633,0.3823
2020-09-23,RELIANCE,EQ,2211.15,2260.0,2276.75,2205.3,2228.0,2230.8,2242.58,19839809,4449226534230000.5,384190,3749875,0.189
2020-09-24,RELIANCE,EQ,2230.8,2207.9,2226.0,2176.05,2195.0,2181.2,2200.65,13765321,3029260568825000.0,328090,4092237,0.2973
2020-09-25,RELIANCE,EQ,2181.2,2189.0,2212.8,2167.3,2198.85,2201.7,2191.17,13095950,2869547156135000.0,329859,2793738,0.2133
2020-09-28,RELIANCE,EQ,2201.7,2227.0,2238.0,2207.05,2218.0,2216.25,2221.39,9076787,2016306260355000.0,213955,1610375,0.17739999999999997
2020-09-29,RELIANCE,EQ,2216.25,2225.0,2264.0,2216.25,2241.9,2245.05,2242.3,11927459,2674496768050000.0,269649,2301443,0.193
2020-09-30,RELIANCE,EQ,2245.05,2260.0,2267.0,2225.0,2231.0,2234.35,2251.01,11291280,2541674070385000.0,232560,2777751,0.24600000000000002
2020-10-01,RELIANCE,EQ,2234.35,2263.8,2263.8,2214.0,2229.05,2225.25,2237.62,9591467,2146201462770000.0,237645,2356434,0.2457
2020-10-05,RELIANCE,EQ,2225.25,2244.0,2249.15,2206.0,2215.0,2212.2,2222.94,8732890,1941264975580000.0,237138,1671283,0.19140000000000001
2020-10-06,RELIANCE,EQ,2212.2,2225.25,2233.9,2201.65,2213.0,2210.35,2213.64,8497352,1881004090825000.0,230575,2565411,0.3019
2020-10-07,RELIANCE,EQ,2210.35,2235.0,2309.0,2220.0,2259.4,2257.5,2276.27,24538620,5585649576145000.0,542898,3167121,0.1291
2020-10-08,RELIANCE,EQ,2257.5,2259.0,2268.0,2222.1,2241.5,2239.25,2242.24,9727508,2181143728525000.0,251543,2761519,0.2839
2020-10-09,RELIANCE,EQ,2239.25,2235.0,2253.0,2217.1,2239.0,2233.45,2232.05,8558747,1910358264840000.2,215729,2908038,0.3398
2020-10-12,RELIANCE,EQ,2233.45,2235.0,2255.75,2226.25,2236.0,2237.05,2239.55,6565525,1470380436710000.0,146831,1868691,0.2846
2020-10-13,RELIANCE,EQ,2237.05,2230.6,2285.75,2225.85,2279.0,2280.7,2259.76,10666280,2410320910425000.0,255851,3449962,0.3234
2020-10-14,RELIANCE,EQ,2280.7,2278.9,2304.0,2268.5,2283.0,2287.5,2284.78,12341487,2819758949685000.0,281008,4373851,0.3544
2020-10-15,RELIANCE,EQ,2287.5,2290.0,2290.0,2195.0,2203.25,2206.5,2241.04,9246893,2072263924659999.8,265699,3100443,0.33530000000000004
2020-10-16,RELIANCE,EQ,2206.5,2215.0,2232.5,2172.65,2178.0,2175.8,2197.33,9961080,2188777600980000.0,287579,2106731,0.2115
2020-10-19,RELIANCE,EQ,2175.8,2190.05,2228.7,2155.15,2175.5,2176.2,2189.75,14399062,3153033226255000.0,363717,3772907,0.262
2020-10-20,RELIANCE,EQ,2176.2,2179.0,2193.0,2152.25,2155.85,2155.9,2166.54,8529621,1847974268770000.0,275082,2119328,0.24850000000000003
2020-10-21,RELIANCE,EQ,2155.9,2168.0,2192.0,2097.75,2122.65,2124.6,2143.87,15729989,3372312535195000.0,399065,3975978,0.2528
2020-10-22,RELIANCE,EQ,2124.6,2127.4,2132.5,2091.0,2111.9,2106.95,2107.04,14215255,2995211511475000.0,391498,5836281,0.4106
2020-10-23,RELIANCE,EQ,2106.95,2106.0,2135.0,2096.4,2112.0,2113.05,2118.9,10809383,2290405363390000.0,265187,3551502,0.3286
2020-10-26,RELIANCE,EQ,2113.05,2101.95,2101.95,2018.5,2034.9,2029.1,2052.69,17225340,3535832255555000.5,581238,6324776,0.36719999999999997
2020-10-27,RELIANCE,EQ,2029.1,2034.9,2059.85,2005.0,2034.4,2034.5,2026.38,16835011,3411408850560000.0,462764,5199796,0.3089
2020-10-28,RELIANCE,EQ,2034.5,2041.8,2057.7,2007.4,2008.9,2011.45,2026.02,13810054,2797944235480000.0,413849,4822048,0.3492
2020-10-29,RELIANCE,EQ,2011.45,1997.0,2042.0,1991.0,2029.05,2026.9,2019.57,14147681,2857218590590000.0,382087,3346100,0.2365
2020-10-30,RELIANCE,EQ,2026.9,2033.5,2065.1,2021.8,2064.35,2054.5,2040.66,15701123,3204060725230000.0,349177,3880807,0.2472
2020-11-02,RELIANCE,EQ,2054.5,2027.0,2027.0,1859.15,1876.0,1877.45,1927.55,45857806,8839332014720000.0,1428490,12596880,0.2747
2020-11-03,RELIANCE,EQ,1877.45,1890.0,1909.0,1835.1,1854.5,1850.4,1873.92,40931170,7670176153914999.0,990935,11064654,0.27030000000000004
2020-11-04,RELIANCE,EQ,1850.4,1837.0,1929.0,1837.0,1910.5,1913.2,1893.24,37003111,7005565561420000.0,888904,6665864,0.1801
2020-11-05,RELIANCE,EQ,1913.2,1954.95,1960.95,1932.0,1956.8,1955.0,1949.03,17170274,3346529706550000.0,448665,5252804,0.3059
2020-11-06,RELIANCE,EQ,1955.0,1990.0,2040.0,1978.15,2025.0,2029.15,2015.72,30770080,6202388010420000.0,649196,8468704,0.2752
2020-11-09,RELIANCE,EQ,2029.15,2062.1,2069.0,2036.0,2051.0,2050.7,2051.91,16539467,3393750297420000.0,384188,6258441,0.37840000000000007
2020-11-10,RELIANCE,EQ,2050.7,2077.0,2090.0,2041.2,2089.0,2084.55,2071.86,17045147,3531516045080000.5,399073,6458474,0.3789
2020-11-11,RELIANCE,EQ,2084.55,2089.0,2095.0,1978.1,1999.8,1997.2,2027.8,26178477,5308461084515000.0,647679,9063191,0.3462
2020-11-12,RELIANCE,EQ,1997.2,1981.0,2008.45,1965.0,1981.75,1980.0,1987.14,18481466,3672521856260000.0,440630,6746860,0.3651
2020-11-13,RELIANCE,EQ,1980.0,1982.0,2036.65,1981.75,2000.05,1996.4,2007.38,20946864,4204826883165000.0,507695,5280992,0.2521
2020-11-14,RELIANCE,EQ,1996.4,2014.9,2015.3,1995.35,2001.55,2002.3,2005.96,2411900,483816382764999.94,99484,621485,0.2577
2020-11-17,RELIANCE,EQ,2002.3,2085.0,2085.0,1985.0,1994.8,1993.25,2013.16,21479385,4324136401515000.0,462630,5819797,0.27090000000000003
2020-11-18,RELIANCE,EQ,1993.25,1993.25,2006.5,1960.1,1991.2,1987.2,1979.95,14030652,2778002012045000.0,410607,3601706,0.25670000000000004
2020-11-19,RELIANCE,EQ,1987.2,1987.2,2010.45,1968.2,1972.0,1973.15,1987.24,12828008,2549228143330000.0,307890,3570924,0.2784
2020-11-20,RELIANCE,EQ,1973.15,1975.0,1983.8,1895.0,1901.0,1899.5,1923.27,26522972,5101082167260000.0,794436,7772176,0.29300000000000004
2020-11-23,RELIANCE,EQ,1899.5,1951.0,1970.0,1926.25,1955.2,1950.7,1952.18,20918665,4083704221985000.0,497781,5148955,0.2461
2020-11-24,RELIANCE,EQ,1950.7,1964.0,1974.0,1932.0,1971.05,1964.05,1952.11,14277083,2787043559960000.0,362587,3213843,0.22510000000000002
2020-11-25,RELIANCE,EQ,1964.05,1980.0,1992.95,1942.2,1947.5,1947.8,1969.06,15062376,2965874401565000.0,356793,3040444,0.20190000000000002
2020-11-26,RELIANCE,EQ,1947.8,1953.05,1965.0,1930.05,1957.0,1952.6,1946.67,11924527,2321309474390000.0,266412,3406506,0.2857
2020-11-27,RELIANCE,EQ,1952.6,1940.5,1956.1,1921.4,1940.5,1929.8,1935.45,21845931,4228163755275000.0,314085,12489338,0.5717
2020-12-01,RELIANCE,EQ,1929.8,1940.35,1966.25,1930.05,1954.1,1954.9,1950.09,9114939,1777497723084999.8,272346,3073957,0.3372
2020-12-02,RELIANCE,EQ,1954.9,1958.5,1962.0,1935.0,1959.0,1958.15,1947.77,10240168,1994546965925000.0,236641,3885070,0.37939999999999996
2020-12-03,RELIANCE,EQ,1958.15,1972.0,1981.1,1958.65,1960.8,1964.05,1969.94,12822945,2526037420680000.0,270788,6151159,0.4797
2020-12-04,RELIANCE,EQ,1964.05,1969.0,1969.0,1940.0,1947.7,1946.75,1948.72,8521388,1660576375895000.0,286109,3771228,0.4426
2020-12-07,RELIANCE,EQ,1946.75,1940.6,1965.0,1940.6,1958.35,1958.2,1955.62,8418767,1646389363345000.0,267040,3706525,0.4403
2020-12-08,RELIANCE,EQ,1958.2,1961.15,2014.25,1950.0,1992.45,1993.75,1995.12,20030506,3996322713360000.0,460158,5692600,0.2842
2020-12-09,RELIANCE,EQ,1993.75,2009.95,2033.8,1999.25,2026.0,2026.95,2019.89,13464375,2719656152030000.0,303801,4861192,0.36100000000000004
2020-12-10,RELIANCE,EQ,2026.95,2021.6,2028.5,2001.0,2008.0,2007.0,2010.18,7414229,1490394969580000.0,212910,2670339,0.3602
2020-12-11,RELIANCE,EQ,2007.0,2013.0,2038.0,1974.25,1999.4,2005.8,2015.5,12434745,2506218725795000.0,265002,3553151,0.2857
2020-12-14,RELIANCE,EQ,2005.8,2007.95,2015.0,1986.35,1993.5,1991.3,1997.46,7989830,1595936179030000.0,248928,2832392,0.35450000000000004
2020-12-15,RELIANCE,EQ,1991.3,1989.7,1989.7,1961.1,1973.6,1974.35,1973.54,8561406,1689627350860000.0,240918,3108604,0.36310000000000003
2020-12-16,RELIANCE,EQ,1974.35,1988.0,1994.95,1965.7,1977.55,1976.55,1977.57,8565904,1693966087095000.0,233001,3281219,0.38310000000000005
2020-12-17,RELIANCE,EQ,1976.55,1984.5,2005.0,1977.15,1985.5,1985.6,1989.37,9346460,1859355323680000.0,280068,3368996,0.3605
2020-12-18,RELIANCE,EQ,1985.6,1980.1,2004.9,1965.0,1998.1,1991.55,1981.58,8522215,1688743356945000.0,226069,3412555,0.4004
2020-12-21,RELIANCE,EQ,1991.55,2010.0,2022.0,1855.25,1935.0,1939.7,1976.82,20368545,4026489944800000.0,514099,5751990,0.2824
2020-12-22,RELIANCE,EQ,1939.7,1949.0,1958.9,1888.45,1935.0,1936.7,1921.8,12986606,2495765477030000.0,374827,3386829,0.2608
2020-12-23,RELIANCE,EQ,1936.7,1930.0,1951.45,1920.65,1947.0,1943.85,1938.16,8999898,1744323140330000.0,282444,3128219,0.34759999999999996
2020-12-24,RELIANCE,EQ,1943.85,1947.0,1998.8,1945.9,1992.95,1994.15,1976.2,9588577,1894896289570000.0,250116,2141157,0.2233
2020-12-28,RELIANCE,EQ,1994.15,2006.7,2018.0,1995.3,2002.0,2003.3,2006.71,7947719,1594877162010000.0,214898,1821777,0.22920000000000001
2020-12-29,RELIANCE,EQ,2003.3,2009.0,2012.3,1982.55,1987.0,1990.05,1992.97,8589407,1711841632630000.0,242433,3009732,0.3504
2020-12-30,RELIANCE,EQ,1990.05,1995.25,2007.2,1975.55,1994.35,1995.5,1991.6,10173132,2026078699834999.8,234486,3159950,0.3106
2020-12-31,RELIANCE,EQ,1995.5,1993.5,2011.9,1978.6,1981.8,1985.3,1995.67,8667516,1729750492130000.0,226094,2538214,0.2928
2021-01-01,RELIANCE,EQ,1985.3,1988.0,1997.0,1982.0,1988.0,1987.5,1989.5,4622002,919548029200000.0,139680,1013314,0.21920000000000003
2021-01-04,RELIANCE,EQ,1987.5,1995.1,1998.9,1968.0,1990.25,1990.85,1982.61,11312992,2242922785670000.0,316871,3869604,0.342
2021-01-05,RELIANCE,EQ,1990.85,1969.0,1983.6,1956.0,1965.0,1966.1,1968.87,11132803,2191901906284999.8,300233,5208047,0.4678
2021-01-06,RELIANCE,EQ,1966.1,1965.9,1966.0,1905.15,1915.5,1914.25,1928.17,21414270,4129036815315000.0,659284,9038101,0.42210000000000003
2021-01-07,RELIANCE,EQ,1914.25,1920.5,1945.0,1905.15,1912.8,1911.15,1919.86,14918406,2864126332110000.0,454695,6452659,0.4325
2021-01-08,RELIANCE,EQ,1911.15,1918.0,1938.4,1912.1,1934.0,1933.7,1923.06,12709792,2444175175265000.0,270966,5303550,0.4173
2021-01-11,RELIANCE,EQ,1933.7,1938.8,1938.8,1892.5,1899.0,1897.25,1910.26,15371556,2936370901300000.0,479137,7697815,0.5008
2021-01-12,RELIANCE,EQ,1897.25,1903.0,1960.0,1899.9,1955.5,1957.05,1935.51,18996047,3676698857555000.5,417387,8987850,0.4731
2021-01-13,RELIANCE,EQ,1957.05,1963.55,1974.95,1918.45,1936.0,1938.8,1948.25,12284876,2393403444775000.0,304901,4368602,0.3556
2021-01-14,RELIANCE,EQ,1938.8,1945.0,1966.9,1939.05,1958.1,1960.6,1957.17,9946818,1946765141234999.8,287671,5225648,0.5254
2021-01-15,RELIANCE,EQ,1960.6,1960.6,1973.8,1920.05,1937.9,1937.45,1952.72,9503790,1855820498820000.0,264152,3947767,0.4154
2021-01-18,RELIANCE,EQ,1937.45,1949.1,1997.0,1923.35,1972.8,1983.95,1967.71,16198856,3187468656455000.0,399642,6014603,0.3713
2021-01-19,RELIANCE,EQ,1983.95,1994.65,2031.0,1994.65,2015.0,2016.4,2018.21,14771048,2981111271620000.0,411707,6055057,0.40990000000000004
2021-01-20,RELIANCE,EQ,2016.4,2021.4,2058.0,2001.4,2053.0,2054.7,2036.58,14271669,2906533731585000.0,456106,6676332,0.4678
2021-01-21,RELIANCE,EQ,2054.7,2082.0,2120.0,2075.0,2107.0,2099.4,2102.61,18038987,3792896193460000.0,483168,6386636,0.354
2021-01-22,RELIANCE,EQ,2099.4,2111.0,2115.35,2035.15,2047.95,2049.6,2070.96,14090818,2918158256545000.0,388593,3512524,0.2493
2021-01-25,RELIANCE,EQ,2049.6,2034.95,2034.95,1932.0,1935.15,1941.0,1966.36,25016570,4919160245610000.0,723194,9041658,0.3614
2021-01-27,RELIANCE,EQ,1941.0,1925.0,1925.0,1888.0,1890.0,1895.0,1904.59,19553809,3724198044840000.0,637355,9587173,0.4903
2021-01-28,RELIANCE,EQ,1895.0,1880.15,1923.3,1870.0,1876.35,1876.55,1895.32,15722291,2979880609370000.0,446576,4697008,0.2987
2021-01-29,RELIANCE,EQ,1876.55,1894.3,1913.1,1830.0,1844.95,1841.95,1871.72,20173258,3775861233150000.0,472678,9106845,0.4514
2021-02-01,RELIANCE,EQ,1841.95,1859.4,1905.0,1848.0,1898.15,1895.3,1874.03,15774504,2956182067120000.0,370120,7864911,0.4986
2021-02-02,RELIANCE,EQ,1895.3,1914.25,1940.0,1854.95,1936.0,1925.8,1889.81,19138414,3616805285090000.0,561567,7369471,0.3851
2021-02-03,RELIANCE,EQ,1925.8,1928.3,1952.0,1900.0,1928.5,1930.65,1931.87,13984228,2701567344265000.0,345625,4832689,0.3456
2021-02-04,RELIANCE,EQ,1930.65,1924.0,1940.0,1905.0,1921.5,1924.3,1923.71,11826848,2275138175425000.0,332784,5411559,0.4576
2021-02-05,RELIANCE,EQ,1924.3,1930.05,1944.65,1920.0,1924.3,1923.75,1929.36,9344470,1802888326750000.0,263144,3564531,0.3815
2021-02-08,RELIANCE,EQ,1923.75,1933.05,1969.0,1929.05,1951.4,1951.45,1954.84,9776136,1911081669480000.0,287247,3553415,0.36350000000000005
2021-02-09,RELIANCE,EQ,1951.45,1961.95,1989.6,1952.3,1954.5,1956.15,1974.29,9047308,1786199411930000.0,254384,3417112,0.37770000000000004
2021-02-10,RELIANCE,EQ,1956.15,1953.75,1984.75,1927.3,1980.35,1974.3,1955.63,9799560,1916429238625000.0,288994,3630351,0.3705
2021-02-11,RELIANCE,EQ,1974.3,1980.0,2064.2,1972.25,2061.8,2055.7,2028.11,19631870,3981559403025000.0,546129,5981796,0.30469999999999997
2021-02-12,RELIANCE,EQ,2055.7,2055.5,2078.0,2015.4,2040.0,2041.6,2049.91,14074374,2885116393235000.0,369938,2446469,0.17379999999999998
2021-02-15,RELIANCE,EQ,2041.6,2048.05,2061.3,2025.0,2034.0,2032.6,2043.13,7287590,1488950230825000.0,222500,1339156,0.1838
2021-02-16,RELIANCE,EQ,2032.6,2039.75,2079.4,2035.0,2058.5,2059.5,2061.23,9886093,2037753733650000.0,274329,2429172,0.2457
2021-02-17,RELIANCE,EQ,2059.5,2060.0,2095.95,2050.6,2079.2,2083.25,2076.99,10957388,2275842334625000.0,257784,2784713,0.2541
2021-02-18,RELIANCE,EQ,2083.25,2085.0,2108.4,2059.1,2063.5,2067.7,2085.18,8605531,1794404524105000.0,228157,2460456,0.2859
2021-02-19,RELIANCE,EQ,2067.7,2057.0,2104.95,2053.3,2080.0,2080.3,2088.14,10800704,2255335663100000.0,279181,3029362,0.2805
2021-02-22,RELIANCE,EQ,2080.3,2080.0,2089.9,1994.95,1999.1,2008.1,2036.88,10985697,2237659986225000.0,309112,4112030,0.3743
2021-02-23,RELIANCE,EQ,2008.1,2048.0,2052.9,2013.6,2026.15,2023.45,2034.5,11834752,2407779576925000.0,275466,4422097,0.3737
2021-02-24,RELIANCE,EQ,2023.45,2030.0,2065.25,2026.15,2060.55,2061.0,2048.89,4987735,1021933013275000.0,135224,1950596,0.3911
2021-02-25,RELIANCE,EQ,2061.0,2076.0,2152.0,2073.0,2147.0,2144.35,2120.59,16085897,3411157508770000.0,452535,5714928,0.3553
2021-02-26,RELIANCE,EQ,2144.35,2117.0,2133.9,2070.7,2079.5,2085.8,2096.69,17297575,3626760192910000.0,489066,7330239,0.4238
2021-03-01,RELIANCE,EQ,2085.8,2110.2,2112.0,2062.5,2103.0,2101.7,2092.87,8159670,1707710115320000.0,266082,2970300,0.364
2021-03-02,RELIANCE,EQ,2101.7,2122.0,2130.0,2089.1,2108.0,2106.0,2107.78,7915073,1668325035850000.0,244565,2910860,0.3678
2021-03-03,RELIANCE,EQ,2106.0,2121.05,2219.9,2107.2,2207.1,2202.1,2161.54,14733134,3184621337025000.0,326092,6380700,0.43310000000000004
2021-03-04,RELIANCE,EQ,2202.1,2180.0,2189.95,2157.7,2174.0,2175.85,2175.57,9892597,2152207032090000.2,259806,3808559,0.385
2021-03-05,RELIANCE,EQ,2175.85,2156.0,2211.95,2153.05,2174.55,2178.7,2184.35,11773630,2571768512945000.0,312784,3896896,0.331
2021-03-08,RELIANCE,EQ,2178.7,2168.5,2231.9,2168.0,2193.0,2191.1,2205.66,9002404,1985624455330000.0,300037,2389286,0.26539999999999997
2021-03-09,RELIANCE,EQ,2191.1,2200.0,2213.8,2146.6,2190.55,2191.05,2181.47,6993792,1525673621560000.0,227932,2047400,0.2927
2021-03-10,RELIANCE,EQ,2191.05,2207.0,2215.1,2170.25,2179.4,2181.95,2187.67,5316182,1163007490215000.0,163700,1461484,0.2749
2021-03-12,RELIANCE,EQ,2181.95,2195.0,2206.4,2123.9,2136.9,2137.6,2160.6,7783173,1681634589925000.0,244889,2820317,0.3624
2021-03-15,RELIANCE,EQ,2137.6,2140.05,2148.9,2080.5,2105.0,2108.9,2103.37,7706302,1620919017560000.0,268696,3083696,0.40020000000000006
2021-03-16,RELIANCE,EQ,2108.9,2114.0,2126.0,2095.5,2100.75,2100.6,2107.19,6402757,1349184140475000.0,235823,2426737,0.379
2021-03-17,RELIANCE,EQ,2100.6,2098.05,2103.0,2035.1,2054.5,2055.35,2065.89,8865521,1831523317130000.0,241456,4179353,0.47140000000000004
2021-03-18,RELIANCE,EQ,2055.35,2072.9,2084.8,2001.0,2010.0,2009.1,2038.79,9528809,1942723115025000.0,295771,4198315,0.44060000000000005
2021-03-19,RELIANCE,EQ,2009.1,1991.0,2095.85,1982.8,2078.1,2082.0,2047.5,19284892,3948584025400000.0,431829,9334589,0.484
2021-03-22,RELIANCE,EQ,2082.0,2071.0,2074.0,2033.2,2061.0,2062.4,2050.93,8571196,1757896066630000.0,234534,2866751,0.3345
2021-03-23,RELIANCE,EQ,2062.4,2061.95,2109.7,2056.0,2079.9,2087.5,2086.63,8039865,1677618863465000.0,220527,2152080,0.2677
2021-03-24,RELIANCE,EQ,2087.5,2079.75,2079.75,2040.4,2048.55,2047.3,2055.87,7763726,1596121134555000.0,222445,2970460,0.3826
2021-03-25,RELIANCE,EQ,2047.3,2054.0,2054.0,1985.0,1993.95,1991.45,2011.25,10153757,2042174379045000.0,292881,4074888,0.40130000000000005
2021-03-26,RELIANCE,EQ,1991.45,2012.0,2013.7,1973.7,1994.0,1994.65,1995.09,9313160,1858055923090000.2,296946,3226521,0.3464
2021-03-30,RELIANCE,EQ,1994.65,2008.0,2048.9,1991.55,2031.9,2029.3,2026.44,9433850,1911714942175000.0,230499,3802211,0.40299999999999997
2021-03-31,RELIANCE,EQ,2029.3,2018.0,2049.9,1999.0,2005.65,2003.1,2017.21,7499740,1512852774525000.0,193340,2904680,0.3873
2021-04-01,RELIANCE,EQ,2003.1,2018.0,2030.0,2003.15,2020.0,2021.85,2017.89,5410307,1091741193875000.0,140946,1895300,0.3503
2021-04-05,RELIANCE,EQ,2021.85,2024.95,2025.0,1962.1,1992.0,1992.6,1986.24,6864856,1363523747550000.0,246459,2208186,0.32170000000000004
2021-04-06,RELIANCE,EQ,1992.6,2004.0,2004.95,1969.0,1986.2,1984.3,1984.99,6465241,1283346959240000.0,209903,2136383,0.33039999999999997
2021-04-07,RELIANCE,EQ,1984.3,2000.0,2046.9,1993.3,2001.55,2002.85,2019.21,11198918,2261301434945000.0,286779,4098798,0.36600000000000005
2021-04-08,RELIANCE,EQ,2002.85,2011.0,2022.0,1993.0,2006.4,2005.35,2006.16,7092878,1422943168515000.0,191800,2633682,0.3713
2021-04-09,RELIANCE,EQ,2005.35,1998.45,2006.35,1980.0,1983.45,1982.05,1989.08,6478482,1288623494740000.0,234390,2807275,0.4333
2021-04-12,RELIANCE,EQ,1982.05,1959.0,1961.4,1900.25,1915.65,1911.15,1922.99,9646031,1854921283459999.8,330605,4432542,0.4595
2021-04-13,RELIANCE,EQ,1911.15,1924.0,1940.6,1917.85,1932.3,1931.8,1931.39,8958261,1730189036920000.0,206237,4960483,0.5537
2021-04-15,RELIANCE,EQ,1931.8,1926.3,1961.0,1913.0,1943.0,1944.3,1933.33,9102492,1759814886955000.0,189159,4483830,0.4926
2021-04-16,RELIANCE,EQ,1944.3,1936.6,1949.9,1926.45,1929.0,1932.1,1935.23,7225679,1398336435495000.0,206958,3583568,0.49590000000000006
2021-04-19,RELIANCE,EQ,1932.1,1904.0,1916.4,1890.0,1903.05,1901.7,1902.57,8527967,1622505956175000.0,271570,3886582,0.4557
2021-04-20,RELIANCE,EQ,1901.7,1910.5,1919.0,1890.45,1905.0,1901.15,1906.74,7939490,1513854171475000.0,202431,4616077,0.5814
2021-04-22,RELIANCE,EQ,1901.15,1892.25,1914.45,1876.7,1905.1,1906.4,1898.59,6687573,1269694826460000.0,209895,3155063,0.4718
2021-04-23,RELIANCE,EQ,1906.4,1906.0,1918.9,1895.35,1903.35,1904.35,1907.47,5459016,1041289396995000.1,171621,2589266,0.4743
2021-04-26,RELIANCE,EQ,1904.35,1920.0,1962.0,1911.5,1938.0,1937.85,1941.32,9620785,1867699462930000.0,259137,4276703,0.44450000000000006
2021-04-27,RELIANCE,EQ,1937.85,1940.0,1997.2,1938.25,1990.0,1988.65,1978.64,9226547,1825602129440000.2,291197,3772144,0.40880000000000005
2021-04-28,RELIANCE,EQ,1988.65,1997.85,2008.0,1980.15,1993.15,1997.3,1997.6,7902002,1578507608760000.0,247331,3921560,0.4963
2021-04-29,RELIANCE,EQ,1997.3,2022.9,2044.5,2007.3,2020.0,2024.05,2024.21,8035915,1626633942825000.0,213153,2834103,0.3527
2021-04-30,RELIANCE,EQ,2024.05,2008.5,2036.0,1987.55,1995.9,1994.5,2010.2,9150974,1839532117509999.8,288687,3902504,0.4265
2021-05-03,RELIANCE,EQ,1994.5,1966.0,1979.0,1943.1,1956.0,1959.05,1958.46,10909942,2136663946915000.2,343806,3800598,0.34840000000000004
2021-05-04,RELIANCE,EQ,1959.05,1950.0,1967.8,1911.0,1918.0,1916.6,1935.83,10083693,1952033040615000.2,325798,4435071,0.43979999999999997
2021-05-05,RELIANCE,EQ,1916.6,1923.35,1938.5,1908.05,1921.5,1920.1,1923.26,5719649,1100036396929999.9,190990,1762417,0.3081
2021-05-06,RELIANCE,EQ,1920.1,1921.85,1935.0,1906.6,1932.0,1931.0,1920.95,6749281,1296501970885000.0,221666,2830835,0.4194
2021-05-07,RELIANCE,EQ,1931.0,1937.75,1955.65,1926.0,1926.8,1931.75,1940.01,5671163,1100213052915000.0,188670,2418447,0.4264
2021-05-10,RELIANCE,EQ,1931.75,1939.0,1946.8,1920.95,1927.1,1926.2,1932.02,6433879,1243036110665000.0,197986,2996697,0.4658
2021-05-11,RELIANCE,EQ,1926.2,1915.0,1938.55,1910.0,1933.9,1933.15,1929.4,6220217,1200128865420000.0,175976,3035544,0.488
2021-05-12,RELIANCE,EQ,1933.15,1930.1,1932.9,1907.0,1913.05,1913.15,1915.34,6081627,1164838036200000.0,212378,2760797,0.454
2021-05-14,RELIANCE,EQ,1913.15,1928.05,1942.0,1906.0,1937.0,1937.3,1925.2,6134079,1180931172755000.0,227142,2202511,0.3591
2021-05-17,RELIANCE,EQ,1937.3,1937.3,1963.45,1930.4,1958.85,1960.35,1950.25,5479424,1068626780629999.9,164252,2006899,0.3663
2021-05-18,RELIANCE,EQ,1960.35,1981.0,2002.6,1972.5,1986.0,1987.95,1987.92,5567958,1106868225850000.0,184906,1952871,0.3507
2021-05-19,RELIANCE,EQ,1987.95,1980.0,2016.45,1972.0,1993.0,1997.05,1998.55,7530294,1504967772140000.0,198257,2310132,0.3068
2021-05-20,RELIANCE,EQ,1997.05,1997.9,2010.9,1981.0,1982.0,1985.4,1991.75,5271497,1049952748965000.0,158144,2175806,0.41270000000000007
2021-05-21,RELIANCE,EQ,1985.4,1992.0,2009.6,1986.0,1999.6,2002.55,1999.87,4977555,995444199229999.9,182141,1909912,0.3837
2021-05-24,RELIANCE,EQ,2002.55,2008.0,2009.8,1982.0,1985.05,1985.65,1994.09,3946636,786993669465000.0,130059,1599399,0.4053
2021-05-25,RELIANCE,EQ,1985.65,1996.4,1997.0,1960.0,1964.0,1963.15,1974.34,6821015,1346697607140000.0,208558,4040447,0.5924
2021-05-26,RELIANCE,EQ,1963.15,1975.0,1979.5,1965.3,1967.0,1970.05,1972.33,3452113,680870090860000.0,118469,1452399,0.4207
2021-05-27,RELIANCE,EQ,1970.05,1970.3,1993.0,1962.25,1990.0,1976.1,1977.57,12377100,2447658808035000.0,219255,7857043,0.6348
2021-05-28,RELIANCE,EQ,1976.1,1990.0,2105.0,1990.0,2094.45,2094.8,2067.42,26060864,5387879158965000.0,642384,7383808,0.2833
2021-05-31,RELIANCE,EQ,2094.8,2102.0,2191.7,2085.05,2153.5,2160.3,2154.29,27285782,5878142157865000.0,624166,7125331,0.2611
2021-06-01,RELIANCE,EQ,2160.3,2166.0,2202.0,2146.5,2164.3,2168.9,2176.52,12928379,2813889260900000.0,390299,3398513,0.2629
2021-06-02,RELIANCE,EQ,2168.9,2157.0,2209.5,2157.0,2207.0,2201.25,2178.64,11366816,2476418758475000.0,258490,5460571,0.4804
2021-06-03,RELIANCE,EQ,2201.25,2221.0,2250.0,2196.1,2208.0,2209.65,2221.49,11064116,2457887832280000.0,341728,3241763,0.29300000000000004
2021-06-04,RELIANCE,EQ,2209.65,2214.8,2216.45,2184.25,2186.9,2190.5,2197.67,6677278,1467447422595000.0,219435,2770956,0.41500000000000004
2021-06-07,RELIANCE,EQ,2190.5,2202.0,2242.0,2185.0,2225.05,2227.4,2214.78,7539326,1669795878150000.0,227808,2439654,0.3236
2021-06-08,RELIANCE,EQ,2227.4,2226.6,2227.15,2198.15,2211.5,2214.6,2213.34,4464889,988233230585000.0,147771,1548468,0.3468
2021-06-09,RELIANCE,EQ,2214.6,2219.0,2221.0,2157.95,2178.0,2175.0,2189.57,5265326,1152880333615000.0,167739,1817182,0.34509999999999996
2021-06-10,RELIANCE,EQ,2175.0,2193.4,2230.0,2177.55,2184.8,2183.0,2199.39,6532832,1436827285515000.0,215752,1927662,0.29510000000000003
2021-06-11,RELIANCE,EQ,2183.0,2182.9,2228.0,2180.1,2215.8,2213.15,2214.24,6351520,1406381759510000.0,226319,1955394,0.3079
2021-06-14,RELIANCE,EQ,2213.15,2215.0,2258.25,2195.05,2245.0,2244.9,2232.14,9383416,2094509779490000.2,284426,2698433,0.2876
2021-06-15,RELIANCE,EQ,2244.9,2261.0,2274.9,2240.3,2244.0,2250.0,2257.44,7002898,1580861110025000.0,215805,2501188,0.3572
2021-06-16,RELIANCE,EQ,2250.0,2244.9,2247.05,2205.85,2209.55,2211.6,2223.78,4982975,1108104710715000.0,163887,1901607,0.3816
2021-06-17,RELIANCE,EQ,2211.6,2200.0,2235.0,2179.9,2214.15,2215.65,2212.43,7266765,1607717656255000.0,225832,2716466,0.3738
2021-06-18,RELIANCE,EQ,2215.65,2225.5,2235.0,2184.35,2224.15,2225.65,2216.48,13553801,3004172515995000.0,221167,6806773,0.5022
2021-06-21,RELIANCE,EQ,2225.65,2203.5,2247.5,2200.15,2238.95,2237.25,2225.6,5624044,1251685229150000.0,180220,1583246,0.2815
2021-06-22,RELIANCE,EQ,2237.25,2254.0,2261.0,2219.35,2225.0,2225.75,2245.45,5940386,1333886084710000.0,180362,2507156,0.42210000000000003
2021-06-23,RELIANCE,EQ,2225.75,2250.0,2250.6,2201.7,2208.15,2205.35,2217.44,7685796,1704276222855000.0,214835,3994464,0.5197
2021-06-24,RELIANCE,EQ,2205.35,2206.85,2214.6,2140.0,2147.8,2153.5,2174.85,42209687,9179980463260000.0,755278,15742153,0.373
2021-06-25,RELIANCE,EQ,2153.5,2153.5,2153.5,2081.1,2104.5,2104.45,2106.02,25546334,5380107704015000.0,629847,9894247,0.3873
2021-06-28,RELIANCE,EQ,2104.45,2122.0,2126.5,2081.0,2089.0,2086.0,2100.31,9357852,1965437982809999.8,286857,4383331,0.46840000000000004
2021-06-29,RELIANCE,EQ,2086.0,2089.5,2109.0,2084.1,2090.0,2087.8,2091.92,12526981,2620545648280000.0,267376,6733274,0.5375
2021-06-30,RELIANCE,EQ,2087.8,2096.25,2122.65,2091.05,2112.0,2110.65,2107.86,9120556,1922488142509999.8,251722,4591548,0.5034000000000001
2021-07-01,RELIANCE,EQ,2110.65,2118.0,2123.15,2095.0,2101.5,2097.95,2109.37,5784627,1220190789330000.0,196897,2924644,0.5056
2021-07-02,RELIANCE,EQ,2097.95,2097.0,2132.9,2092.95,2131.55,2129.05,2120.31,6500973,1378407472620000.0,187794,3363482,0.5174000000000001
2021-07-05,RELIANCE,EQ,2129.05,2136.45,2153.55,2131.5,2150.0,2150.2,2145.57,5400604,1158734889660000.0,175055,3073627,0.5690999999999999
2021-07-06,RELIANCE,EQ,2150.2,2144.95,2148.9,2120.2,2127.85,2124.8,2136.74,4647361,993022431145000.1,125408,2476450,0.5329
2021-07-07,RELIANCE,EQ,2124.8,2127.75,2127.75,2098.0,2112.0,2110.05,2109.85,4824931,1017987555654999.9,227151,2480476,0.5141
2021-07-08,RELIANCE,EQ,2110.05,2116.95,2116.95,2081.0,2091.0,2092.6,2097.58,5162088,1082789714235000.0,223120,2689326,0.521
2021-07-09,RELIANCE,EQ,2092.6,2088.0,2091.7,2066.1,2071.95,2071.2,2074.82,4170886,865381844175000.0,169203,2009477,0.4818
2021-07-12,RELIANCE,EQ,2071.2,2079.75,2101.5,2074.5,2081.95,2084.1,2088.16,3962111,827350730550000.0,140597,1592814,0.402
2021-07-13,RELIANCE,EQ,2084.1,2100.0,2103.05,2088.05,2099.0,2099.7,2097.12,3099956,650098105055000.0,106030,1601381,0.5166
2021-07-14,RELIANCE,EQ,2099.7,2100.35,2106.85,2081.25,2083.55,2086.0,2090.03,3937768,823006462200000.0,169306,2134737,0.5421
2021-07-15,RELIANCE,EQ,2086.0,2095.0,2095.0,2078.5,2080.75,2082.35,2086.62,4360415,909855027454999.9,148981,2715754,0.6228
2021-07-16,RELIANCE,EQ,2082.35,2087.75,2114.75,2087.6,2110.0,2112.4,2104.6,4074206,857456919450000.0,126660,1881604,0.4618
2021-07-19,RELIANCE,EQ,2112.4,2100.0,2124.0,2092.25,2097.95,2098.95,2108.57,3855577,812976337795000.0,129037,1752416,0.4545
2021-07-20,RELIANCE,EQ,2098.95,2099.5,2108.0,2084.0,2089.95,2093.8,2097.18,3111185,652471878300000.0,105619,1089396,0.3502
2021-07-22,RELIANCE,EQ,2093.8,2119.0,2123.9,2098.15,2121.5,2120.7,2111.6,3679260,776911002990000.0,133510,1995464,0.5424
2021-07-23,RELIANCE,EQ,2120.7,2134.45,2134.45,2102.05,2104.0,2105.7,2119.06,4585938,971788550110000.0,143981,2219555,0.484
2021-07-26,RELIANCE,EQ,2105.7,2108.0,2121.0,2071.1,2073.9,2076.85,2092.34,5717830,1196362319615000.0,193266,2229836,0.39
2021-07-27,RELIANCE,EQ,2076.85,2076.8,2083.7,2042.0,2054.0,2055.0,2062.0,4995516,1030073694235000.0,196342,2415095,0.48350000000000004
2021-07-28,RELIANCE,EQ,2055.0,2058.0,2058.0,2016.25,2035.0,2037.35,2033.86,5952355,1210624143645000.0,222240,3270667,0.5495
2021-07-29,RELIANCE,EQ,2037.35,2054.0,2074.4,2043.4,2054.3,2053.25,2057.2,6352886,1306914042740000.0,203791,3910056,0.6154999999999999
2021-07-30,RELIANCE,EQ,2053.25,2058.0,2067.95,2031.1,2037.0,2035.3,2049.03,5238304,1073344460454999.9,158088,3003800,0.5734
2021-08-02,RELIANCE,EQ,2035.3,2054.3,2079.4,2041.15,2068.5,2072.5,2067.46,5041934,1042402079565000.0,164715,2991501,0.5933
2021-08-03,RELIANCE,EQ,2072.5,2090.0,2091.0,2064.2,2090.0,2087.75,2078.84,5453682,1133733562650000.0,137882,2965050,0.5437
2021-08-04,RELIANCE,EQ,2087.75,2094.4,2114.0,2087.0,2105.0,2103.75,2103.18,6077861,1278282170295000.0,188340,3542035,0.5828
2021-08-05,RELIANCE,EQ,2103.75,2114.3,2154.8,2104.25,2131.0,2134.25,2127.24,9807831,2086363848534999.8,249218,4572290,0.4662
2021-08-06,RELIANCE,EQ,2134.25,2129.95,2146.95,2078.75,2090.0,2089.05,2101.07,7670583,1611639992215000.0,225682,3217925,0.41950000000000004
2021-08-09,RELIANCE,EQ,2089.05,2081.0,2089.8,2066.5,2078.5,2077.15,2075.98,3458546,717987328645000.0,147892,1588798,0.4594
2021-08-10,RELIANCE,EQ,2077.15,2082.0,2113.0,2073.75,2085.0,2088.05,2095.18,5500708,1152496057540000.0,171235,2144258,0.3898
2021-08-11,RELIANCE,EQ,2088.05,2096.95,2120.0,2083.4,2115.0,2117.3,2103.58,4238859,891679468295000.1,138291,2089484,0.4929
2021-08-12,RELIANCE,EQ,2117.3,2124.9,2126.2,2105.0,2109.8,2110.5,2115.11,3755507,794332610005000.0,114345,1900505,0.5061
2021-08-13,RELIANCE,EQ,2110.5,2117.3,2149.9,2108.95,2143.0,2145.65,2132.45,5898384,1257802778410000.0,187810,3269124,0.5542
2021-08-16,RELIANCE,EQ,2145.65,2149.35,2203.0,2128.15,2169.0,2173.5,2177.41,10123204,2204234343170000.0,290119,4185061,0.41340000000000005
2021-08-17,RELIANCE,EQ,2173.5,2168.85,2185.2,2147.85,2163.0,2164.25,2167.16,5841743,1265998699425000.0,190350,3057597,0.5234000000000001
2021-08-18,RELIANCE,EQ,2164.25,2174.0,2186.8,2152.6,2168.0,2172.65,2170.19,4650008,1009141405270000.1,146613,2287876,0.49200000000000005
2021-08-20,RELIANCE,EQ,2172.65,2143.0,2172.0,2137.0,2140.1,2148.25,2155.63,4350228,937750260190000.0,147112,1877339,0.4315
2021-08-23,RELIANCE,EQ,2148.25,2174.0,2174.0,2132.3,2161.15,2162.35,2156.97,4547802,980945449065000.0,143268,2336976,0.5139
2021-08-24,RELIANCE,EQ,2162.35,2165.05,2192.0,2155.6,2178.0,2183.7,2174.28,5475452,1190516519690000.0,173479,3050200,0.5571
2021-08-25,RELIANCE,EQ,2183.7,2185.4,2220.0,2180.1,2201.0,2202.6,2204.22,6175126,1361136453360000.0,198304,2434419,0.39420000000000005
2021-08-26,RELIANCE,EQ,2202.6,2208.0,2244.9,2205.0,2232.0,2230.45,2230.28,8579105,1913381823365000.2,248660,4241826,0.4944
2021-08-27,RELIANCE,EQ,2230.45,2237.0,2242.75,2216.05,2225.0,2227.4,2228.28,4836812,1077776912785000.0,152317,2665237,0.551
2021-08-30,RELIANCE,EQ,2227.4,2250.0,2275.85,2236.8,2273.75,2270.25,2261.25,6473487,1463815200570000.0,206768,3861994,0.5966
2021-08-31,RELIANCE,EQ,2270.25,2276.9,2283.75,2242.25,2257.0,2258.15,2257.63,12223037,2759509354145000.0,206759,6602508,0.5402
2021-09-01,RELIANCE,EQ,2258.15,2273.0,2292.9,2263.0,2266.0,2267.1,2274.28,5143640,1169805616260000.0,173178,2684394,0.5219
2021-09-02,RELIANCE,EQ,2267.1,2255.0,2307.8,2255.0,2293.0,2294.4,2288.72,4595048,1051678128445000.1,206002,2278475,0.49590000000000006
2021-09-03,RELIANCE,EQ,2294.4,2310.0,2395.0,2302.5,2389.65,2388.5,2356.29,14151629,3334540371590000.0,446968,4903229,0.3465
2021-09-06,RELIANCE,EQ,2388.5,2413.0,2480.0,2412.0,2429.0,2425.6,2445.46,15525644,3796726594030000.5,496545,5627874,0.3625
2021-09-07,RELIANCE,EQ,2425.6,2430.0,2458.0,2412.0,2439.0,2440.9,2437.65,8006968,1951819208884999.8,256461,3224702,0.40270000000000006
2021-09-08,RELIANCE,EQ,2440.9,2452.0,2454.0,2406.65,2430.0,2431.35,2429.2,6600210,1603324825230000.0,213942,3515264,0.5326
2021-09-09,RELIANCE,EQ,2431.35,2427.9,2437.85,2416.1,2424.1,2425.6,2424.34,4136538,1002836965220000.1,194645,2406762,0.5818
2021-09-13,RELIANCE,EQ,2425.6,2433.0,2433.0,2368.05,2369.8,2371.55,2381.94,7527598,1793028691015000.2,327407,4414702,0.5865
2021-09-14,RELIANCE,EQ,2371.55,2375.0,2394.0,2366.0,2370.5,2368.45,2377.55,4111205,977458416779999.9,153291,2491875,0.6061
2021-09-15,RELIANCE,EQ,2368.45,2368.5,2395.75,2368.5,2379.4,2378.3,2380.39,4186300,996504538275000.0,168130,2310144,0.5518
2021-09-16,RELIANCE,EQ,2378.3,2381.55,2436.75,2367.0,2424.0,2428.2,2408.55,6206657,1494905056995000.0,214010,2473588,0.3985
2021-09-17,RELIANCE,EQ,2428.2,2446.0,2455.85,2375.6,2387.0,2390.55,2410.13,16098099,3879858012685000.0,278098,9460717,0.5877
2021-09-20,RELIANCE,EQ,2390.55,2372.1,2418.35,2370.0,2391.85,2394.35,2398.57,5436385,1303955348725000.0,171011,3042705,0.5597
2021-09-21,RELIANCE,EQ,2394.35,2405.0,2416.6,2384.0,2400.0,2404.7,2401.93,4576111,1099151085165000.0,149803,2365643,0.517
2021-09-22,RELIANCE,EQ,2404.7,2408.0,2442.0,2398.25,2430.8,2430.5,2426.47,5074612,1231340979410000.0,179090,2811116,0.554
2021-09-23,RELIANCE,EQ,2430.5,2447.4,2497.0,2445.5,2488.1,2489.9,2475.75,7267883,1799343214275000.0,255176,3910090,0.538
2021-09-24,RELIANCE,EQ,2489.9,2503.55,2505.45,2472.0,2479.0,2482.7,2488.36,7011181,1744632105545000.0,234214,4228344,0.6031000000000001
2021-09-27,RELIANCE,EQ,2482.7,2487.0,2529.9,2475.3,2527.0,2524.45,2510.93,7095022,1781511654495000.0,224209,4184695,0.5898
2021-09-28,RELIANCE,EQ,2524.45,2534.0,2564.9,2512.8,2545.0,2548.05,2539.99,8323269,2114101946234999.8,229286,4321030,0.5192
2021-09-29,RELIANCE,EQ,2548.05,2570.0,2570.0,2520.05,2530.0,2527.85,2536.91,4485721,1137986628120000.0,166259,2223603,0.49570000000000003
2021-09-30,RELIANCE,EQ,2527.85,2525.0,2534.6,2500.35,2511.0,2519.25,2517.46,6272085,1578970247485000.0,173121,3408378,0.5434
